<?xml version="1.0" encoding="UTF-8"?>
<!DOCTYPE mapper PUBLIC "-//mybatis.org//DTD Mapper 3.0//EN" "http://mybatis.org/dtd/mybatis-3-mapper.dtd">

<mapper namespace="com.dao.HuodongyuyueDao">

	<!-- 可根据自己的需求，是否要使用 -->
    <resultMap type="com.entity.HuodongyuyueEntity" id="huodongyuyueMap">
        <result property="yuyuebumen" column="yuyuebumen"/>
        <result property="yuyuechangdi" column="yuyuechangdi"/>
        <result property="huodongneirong" column="huodongneirong"/>
        <result property="yuyuexiangqing" column="yuyuexiangqing"/>
        <result property="yuyueshijianduan" column="yuyueshijianduan"/>
        <result property="xuehao" column="xuehao"/>
        <result property="xingming" column="xingming"/>
        <result property="nianjibanji" column="nianjibanji"/>
        <result property="tijiaoshijian" column="tijiaoshijian"/>
        <result property="fengmiantu" column="fengmiantu"/>
        <result property="sfsh" column="sfsh"/>
        <result property="shhf" column="shhf"/>
    </resultMap>

	<select id="selectListVO"
		resultType="com.entity.vo.HuodongyuyueVO" >
		SELECT * FROM huodongyuyue  huodongyuyue         
        <where> 1=1 ${ew.sqlSegment}</where>
	</select>
	
	<select id="selectVO"
		resultType="com.entity.vo.HuodongyuyueVO" >
		SELECT  huodongyuyue.* FROM huodongyuyue  huodongyuyue 	
 		<where> 1=1 ${ew.sqlSegment}</where>
	</select>

    <select id="selectListView"
		resultType="com.entity.view.HuodongyuyueView" >

		SELECT  huodongyuyue.* FROM huodongyuyue  huodongyuyue 	        
        <where> 1=1 ${ew.sqlSegment}</where>
	</select>
	
	<select id="selectView"
		resultType="com.entity.view.HuodongyuyueView" >
		SELECT * FROM huodongyuyue  huodongyuyue <where> 1=1 ${ew.sqlSegment}</where>
	</select>
	
</mapper>