<?xml version="1.0" encoding="UTF-8"?>
<!DOCTYPE mapper PUBLIC "-//mybatis.org//DTD Mapper 3.0//EN" "http://mybatis.org/dtd/mybatis-3-mapper.dtd">

<mapper namespace="com.dao.LikaidengjiDao">

	<!-- 可根据自己的需求，是否要使用 -->
    <resultMap type="com.entity.LikaidengjiEntity" id="likaidengjiMap">
        <result property="likaitiyuguanshijian" column="likaitiyuguanshijian"/>
        <result property="tiwen" column="tiwen"/>
        <result property="xuehao" column="xuehao"/>
        <result property="nianjibanji" column="nianjibanji"/>
        <result property="xingming" column="xingming"/>
        <result property="zhaopian" column="zhaopian"/>
        <result property="userid" column="userid"/>
    </resultMap>

	<select id="selectListVO"
		resultType="com.entity.vo.LikaidengjiVO" >
		SELECT * FROM likaidengji  likaidengji         
        <where> 1=1 ${ew.sqlSegment}</where>
	</select>
	
	<select id="selectVO"
		resultType="com.entity.vo.LikaidengjiVO" >
		SELECT  likaidengji.* FROM likaidengji  likaidengji 	
 		<where> 1=1 ${ew.sqlSegment}</where>
	</select>

    <select id="selectListView"
		resultType="com.entity.view.LikaidengjiView" >

		SELECT  likaidengji.* FROM likaidengji  likaidengji 	        
        <where> 1=1 ${ew.sqlSegment}</where>
	</select>
	
	<select id="selectView"
		resultType="com.entity.view.LikaidengjiView" >
		SELECT * FROM likaidengji  likaidengji <where> 1=1 ${ew.sqlSegment}</where>
	</select>
	
</mapper>