<?xml version="1.0" encoding="UTF-8"?>
<!DOCTYPE mapper PUBLIC "-//mybatis.org//DTD Mapper 3.0//EN" "http://mybatis.org/dtd/mybatis-3-mapper.dtd">

<mapper namespace="com.dao.QicaiDao">

	<!-- 可根据自己的需求，是否要使用 -->
    <resultMap type="com.entity.QicaiEntity" id="qicaiMap">
        <result property="qicaibianhao" column="qicaibianhao"/>
        <result property="qicaimingcheng" column="qicaimingcheng"/>
        <result property="qicaifenlei" column="qicaifenlei"/>
        <result property="qicaizhuyishixiang" column="qicaizhuyishixiang"/>
        <result property="qicaishuoming" column="qicaishuoming"/>
        <result property="qicaitupian" column="qicaitupian"/>
    </resultMap>

	<select id="selectListVO"
		resultType="com.entity.vo.QicaiVO" >
		SELECT * FROM qicai  qicai         
        <where> 1=1 ${ew.sqlSegment}</where>
	</select>
	
	<select id="selectVO"
		resultType="com.entity.vo.QicaiVO" >
		SELECT  qicai.* FROM qicai  qicai 	
 		<where> 1=1 ${ew.sqlSegment}</where>
	</select>

    <select id="selectListView"
		resultType="com.entity.view.QicaiView" >

		SELECT  qicai.* FROM qicai  qicai 	        
        <where> 1=1 ${ew.sqlSegment}</where>
	</select>
	
	<select id="selectView"
		resultType="com.entity.view.QicaiView" >
		SELECT * FROM qicai  qicai <where> 1=1 ${ew.sqlSegment}</where>
	</select>
	
</mapper>