<?xml version="1.0" encoding="UTF-8"?>
<!DOCTYPE mapper PUBLIC "-//mybatis.org//DTD Mapper 3.0//EN" "http://mybatis.org/dtd/mybatis-3-mapper.dtd">

<mapper namespace="com.dao.XiaoduiqiandaoDao">

	<!-- 可根据自己的需求，是否要使用 -->
    <resultMap type="com.entity.XiaoduiqiandaoEntity" id="xiaoduiqiandaoMap">
        <result property="qiandaoshijian" column="qiandaoshijian"/>
        <result property="xuehao" column="xuehao"/>
        <result property="xingming" column="xingming"/>
        <result property="nianjibanji" column="nianjibanji"/>
        <result property="zhaopian" column="zhaopian"/>
        <result property="userid" column="userid"/>
        <result property="longitude" column="longitude"/>
        <result property="latitude" column="latitude"/>
        <result property="fulladdress" column="fulladdress"/>
    </resultMap>

	<select id="selectListVO"
		resultType="com.entity.vo.XiaoduiqiandaoVO" >
		SELECT * FROM xiaoduiqiandao  xiaoduiqiandao         
        <where> 1=1 ${ew.sqlSegment}</where>
	</select>
	
	<select id="selectVO"
		resultType="com.entity.vo.XiaoduiqiandaoVO" >
		SELECT  xiaoduiqiandao.* FROM xiaoduiqiandao  xiaoduiqiandao 	
 		<where> 1=1 ${ew.sqlSegment}</where>
	</select>

    <select id="selectListView"
		resultType="com.entity.view.XiaoduiqiandaoView" >

		SELECT  xiaoduiqiandao.* FROM xiaoduiqiandao  xiaoduiqiandao 	        
        <where> 1=1 ${ew.sqlSegment}</where>
	</select>
	
	<select id="selectView"
		resultType="com.entity.view.XiaoduiqiandaoView" >
		SELECT * FROM xiaoduiqiandao  xiaoduiqiandao <where> 1=1 ${ew.sqlSegment}</where>
	</select>
	
</mapper>